-- Atv 1

CREATE SCHEMA empresa;

-- Atv 2 

CREATE TABLE empresa.cliente(
	codigo SERIAL PRIMARY KEY,
	cpf VARCHAR(11),
	nome VARCHAR(80),
	rua VARCHAR(80) NOT NULL,
	numero INTEGER,
	bairro VARCHAR(50) DEFAULT 'SEM BAIRRO',
	cidade VARCHAR(80)
);

CREATE TABLE empresa.celular_cliente(
	celular VARCHAR(11),
	cpf VARCHAR(11),
	PRIMARY KEY (celular, cpf)
);

CREATE TABLE empresa.fabricante(
	codigo INTEGER PRIMARY KEY,
	cnpj VARCHAR(14),
	razao_social VARCHAR(80),
	nome_fantasia VARCHAR(80) NOT NULL
);

CREATE TABLE empresa.carro(
	placa VARCHAR(7) PRIMARY KEY,
	codigo_fabricante INTEGER,
	ano INTEGER,
	modelo VARCHAR(50),
	chassi VARCHAR(30),
	valor NUMERIC(10,2),
	FOREIGN KEY (codigo_fabricante) REFERENCES empresa.fabricante (codigo)
);

CREATE TABLE empresa.registro(
	numero_boletim INTEGER PRIMARY KEY,
	data_registro DATE,
	descricao TEXT
);

CREATE TABLE empresa.carro_boletim (
	numero_boletim INTEGER,
	placa_carro VARCHAR(7),
	FOREIGN KEY (numero_boletim) REFERENCES empresa.registro (numero_boletim),
	FOREIGN KEY (placa_carro) REFERENCES empresa.carro (placa)
);


INSERT INTO empresa.cliente (cpf, nome, rua, numero, bairro, cidade)
VALUES
('11111111111', 'Gabriel Diniz', 'Rua um', 10, 'Centro', 'Pará de Minas'),
('22222222222', 'Henrique Ribeiro', 'Rua dois', 20, 'Belvedere', 'Belo Horizonte'),
('33333333333', 'Bruno Ribeiro', 'Rua três', 30, 'São Francisco', NULL),
('44444444444', 'Nilton Júnior', 'Rua quatro', 40, 'São José', 'Belo Horizonte'),
('55555555555', 'Pedro Alves', 'Rua cinco', 50, 'Centro', 'Itaúna'),
('66666666666', 'Conrado Mendonça', 'Rua seis', 60, 'Jardim América', 'Maravilhas'),
('77777777777', 'Miguel Diniz', 'Rua sete', 70, 'Alphaville', 'Nova Lima'),
('88888888888', 'Thiago Oliveira', 'Rua oito', 80, 'Novo Horizonte', NULL);


INSERT INTO empresa.celular_cliente (cpf, celular)
VALUEs 
('11111111111', '37999999999'),
('22222222222', '37888888888'),
('33333333333', '37777777777'),
('44444444444', '37666666666'),
('55555555555', '37555555555'),
('66666666666', '37444444444'),
('77777777777', '37333333333'),
('88888888888', '37222222222');


INSERT INTO empresa.fabricante
(codigo, cnpj, razao_social, nome_fantasia)
VALUES
(1, '11111111111111', 'FIAT Automóveis LTDA', 'FIAT'),
(2, '22222222222222', 'GM Motors', 'Chevrolet'),
(3, '33333333333333', 'Volkswagen Comércio Ltda', 'Volkswagen'),
(4, '44444444444444', 'Toyota do Brasil LTDA', 'Toyota'),
(5, '55555555555555', 'FERRARI AGROINDUSTRIA S/A', 'Ferrari');

INSERT INTO empresa.carro
(placa, codigo_fabricante, ano, modelo, chassi, valor)
VALUES
('AAA1111', 1, 2015, 'Palio 1.4 Attractive', 'SVdf56s1d513x21', 38890.57),
('BBB2222', 2, 2021, 'Onix 1.4', 'vs56d45vc1x3c2v123xc123vvx5c5v', 75389.27),
('CCC3333', 3, 2007, 'Hilux 3.0 Turbo', 'x5vcv312x3c2v1x23c1v23x123c', 150321.65),
('DDD4444', 4, NULL, 'Monza 1.6', 'v15x3c2v1x3c21v23xc1v3x', 12789.23),
('EEE5555', 5, 2020, 'Ferrari 812 GTS', '1s65df11xc231d561sc6', 890123.66),
('FFF6666', 4, 2002, 'Monza 1.6', 'cv15x3c1v3x23cv1x32', 11560.23),
('GGG8888', 3, NULL, 'Corola 2.0', '1x3c2v13x2c1v32x1cv23', 11111.11),
('HHH9999', 2, 2008, 'Astra 2.0', 'vx1c3213vx1c32v12x', 32236.98),
('III0000', 1, 2005, 'Palio 1.0 EVO', 'sdcvdf456sd3f1232x1vxcv1x', 19236.22),
('JJJ1111', 2, 2019, 'Novo Astra 2.3', 'v1x23c2v31x3c2v13x21c23v', 23323.31),
('KKK2222', 1, 2011, 'Palio 1.0 EVO', 'vx13c21v3x2c1v231xc3v2x', 23659.23),
('LLL3333', 2, 2020, 'Novo Onix 1.0', '1vx23c1v23x1c23v1x32', 23132.98);

-- Atv 3

ALTER TABLE empresa.cliente
ADD CONSTRAINT cpf_unico UNIQUE (cpf);

-- Atv 4

ALTER TABLE empresa.carro
ADD CONSTRAINT chassi_unico UNIQUE (chassi);

-- Atv 5

ALTER TABLE empresa.cliente
ALTER COLUMN nome SET NOT NULL;

-- Atv 6

ALTER TABLE empresa.fabricante
ALTER COLUMN razao_social SET NOT NULL;

-- Atv 7

ALTER TABLE empresa.carro
ALTER COLUMN modelo SET NOT NULL;

-- Atv 8

ALTER TABLE empresa.cliente
ALTER COLUMN rua DROP NOT NULL;

-- Atv 9

ALTER TABLE empresa.fabricante
ALTER COLUMN nome_fantasia DROP NOT NULL;

-- Atv 10

ALTER TABLE empresa.cliente
ALTER COLUMN numero SET DEFAULT 0;

-- Atv 11

ALTER TABLE empresa.cliente
ALTER COLUMN bairro DROP DEFAULT;

-- Atv 12

ALTER TABLE empresa.carro
ALTER COLUMN chassi TYPE VARCHAR(50);

-- Atv 13

ALTER TABLE empresa.carro_boletim RENAME TO ocorrencia;

-- Atv 14

INSERT INTO empresa.cliente (cpf, nome, rua, numero, bairro, cidade) VALUES
 ('00000000000', 'Mateus Felipe Goncalves', 'Rua Parú', 1038, 'Providência', 'Pará de Minas')
RETURNING codigo;

-- Atv 15

SELECT * FROM empresa.carro
FULL OUTER JOIN empresa.fabricante
ON carro.codigo_fabricante = fabricante.codigo

-- Atv 16

SELECT * FROM empresa.cliente
ORDER BY nome LIMIT 5;

-- Atv 17

SELECT codigo, cpf, nome, rua, numero, bairro, COALESCE(cidade, 'SEM_CIDADE') AS cidade
FROM empresa.cliente ORDER BY nome;

-- Atv 18

SELECT placa, codigo_fabricante, COALESCE(ano, 1900) as ano, modelo, chassi, valor
FROM empresa.carro;

-- Atv 19

SELECT * FROM empresa.carro
	ORDER BY modelo
	OFFSET 3
	LIMIT 5;

-- Atv 20

SELECT * FROM empresa.carro WHERE codigo_fabricante != 1;

-- Atv 21

SELECT * FROM empresa.celular_cliente
WHERE cpf != '11111111111';

-- Atv 22

SELECT SUBSTRING(CAST(ano AS text) from 3 for 2)
FROM empresa.carro;

-- Atv 23

SELECT DISTINCT modelo
FROM empresa.carro
WHERE modelo LIKE 'Palio%';

-- Atv 24

SELECT DISTINCT modelo
FROM empresa.carro
WHERE modelo LIKE 'Palio%'
AND modelo NOT LIKE '%1.0%';

-- Atv 25

SELECT ano,
	CASE
		WHEN ano >= 2020 THEN 'Novo'
		WHEN ano BETWEEN 2010 AND 2019 THEN 'Seminovo'
		WHEN ano < 2010 THEN 'Velho'
	END AS status
FROM empresa.carro;

-- Atv 26

SELECT modelo, round(valor) AS valor FROM empresa.carro;

-- Atv 27

SELECT modelo, trunc(valor) AS valor FROM empresa.carro;

-- Atv 28

SELECT upper(modelo) AS modelo FROM empresa.carro;

-- Atv 29

SELECT lower(modelo) AS modelo FROM empresa.carro;

-- Atv 30

SELECT concat(rua, ', nº ', numero, '. Bairro ', bairro, '.') AS endereco
FROM empresa.cliente;

-- Atv 31

SELECT cliente.nome, celular_cliente.celular
FROM empresa.cliente NATURAL JOIN empresa.celular_cliente;
